{
  "resourceType": "Bundle",
  "id": "62df1ffb0056b6e23ec6759d",
  "type": "transaction",
  "entry": [ {
    "fullUrl": "https://madie.cms.gov/Patient/1ba2fc33-1a1b-416b-bb3c-79ba5d0d3359",
    "resource": {
      "resourceType": "Patient",
      "id": "1ba2fc33-1a1b-416b-bb3c-79ba5d0d3359",
      "meta": {
        "profile": [ "http://hl7.org/fhir/us/qicore/StructureDefinition/qicore-patient" ]
      },
      "extension": [ {
        "url": "http://hl7.org/fhir/us/core/StructureDefinition/us-core-race",
        "extension": [ {
          "url": "ombCategory",
          "valueCoding": {
            "system": "urn:oid:2.16.840.1.113883.6.238",
            "code": "2106-3",
            "display": "White",
            "userSelected": true
          }
        }, {
          "url": "text",
          "valueString": "White"
        } ]
      }, {
        "url": "http://hl7.org/fhir/us/core/StructureDefinition/us-core-ethnicity",
        "extension": [ {
          "url": "ombCategory",
          "valueCoding": {
            "system": "urn:oid:2.16.840.1.113883.6.238",
            "code": "2186-5",
            "display": "Not Hispanic or Latino",
            "userSelected": true
          }
        }, {
          "url": "text",
          "valueString": "Not Hispanic or Latino"
        } ]
      } ],
      "identifier": [ {
        "type": {
          "coding": [ {
            "system": "http://terminology.hl7.org/CodeSystem/v2-0203",
            "code": "MR"
          } ]
        },
        "system": "https://bonnie-fhir.healthit.gov/",
        "value": "62df1ffb0056b6e23ec6759d"
      } ],
      "name": [ {
        "family": "NUMERFail",
        "given": [ "HighBMIAndInterventionOrderedFollowUpConditionEndsB4InterventionOrder" ]
      } ],
      "gender": "unknown",
      "birthDate": "1956-11-07"
    },
    "request": {
      "method": "POST",
      "url": "Patient/1ba2fc33-1a1b-416b-bb3c-79ba5d0d3359"
    }
  }, {
    "fullUrl": "https://madie.cms.gov/Encounter/encounter-to-evaluate-bmi-533b",
    "resource": {
      "resourceType": "Encounter",
      "id": "encounter-to-evaluate-bmi-533b",
      "meta": {
        "profile": [ "http://hl7.org/fhir/us/qicore/StructureDefinition/qicore-encounter" ]
      },
      "status": "finished",
      "class": {
        "system": "http://terminology.hl7.org/CodeSystem/v3-ActCode",
        "code": "AMB",
        "display": "ambulatory"
      },
      "type": [ {
        "coding": [ {
          "system": "http://snomed.info/sct",
          "version": "2022-03",
          "code": "10197000",
          "display": "Psychiatric interview and evaluation (procedure)",
          "userSelected": true
        } ]
      } ],
      "subject": {
        "reference": "Patient/1ba2fc33-1a1b-416b-bb3c-79ba5d0d3359"
      },
      "period": {
        "start": "2025-01-01T00:00:00.000+00:00",
        "end": "2025-01-01T00:30:00.000+00:00"
      }
    },
    "request": {
      "method": "POST",
      "url": "Encounter/encounter-to-evaluate-bmi-533b"
    }
  }, {
    "fullUrl": "https://madie.cms.gov/Observation/body-mass-index-bmi-ratio-534c",
    "resource": {
      "resourceType": "Observation",
      "id": "body-mass-index-bmi-ratio-534c",
      "meta": {
        "profile": [ "http://hl7.org/fhir/StructureDefinition/bmi" ]
      },
      "status": "final",
      "category": [ {
        "coding": [ {
          "system": "http://terminology.hl7.org/CodeSystem/observation-category",
          "code": "vital-signs",
          "display": "Vital Signs"
        } ]
      } ],
      "code": {
        "coding": [ {
          "system": "http://loinc.org",
          "code": "39156-5",
          "display": "Body mass index (BMI) [Ratio]",
          "userSelected": true
        } ]
      },
      "subject": {
        "reference": "Patient/1ba2fc33-1a1b-416b-bb3c-79ba5d0d3359"
      },
      "effectiveDateTime": "2025-01-01T08:05:00.000+00:00",
      "valueQuantity": {
        "value": 17,
        "unit": "kg/m2",
        "system": "http://unitsofmeasure.org",
        "code": "kg/m2"
      }
    },
    "request": {
      "method": "POST",
      "url": "Observation/body-mass-index-bmi-ratio-534c"
    }
  }, {
    "fullUrl": "https://madie.cms.gov/Condition/overweight-or-obese-a901",
    "resource": {
      "resourceType": "Condition",
      "id": "overweight-or-obese-a901",
      "meta": {
        "profile": [ "http://hl7.org/fhir/us/qicore/StructureDefinition/qicore-condition" ]
      },
      "clinicalStatus": {
        "coding": [ {
          "system": "http://terminology.hl7.org/CodeSystem/condition-clinical",
          "code": "inactive",
          "display": "inactive",
          "userSelected": true
        } ]
      },
      "category": [ {
        "coding": [ {
          "system": "http://terminology.hl7.org/CodeSystem/condition-category",
          "code": "encounter-diagnosis",
          "display": "Encounter Diagnosis"
        }, {
          "system": "http://snomed.info/sct",
          "code": "439401001",
          "display": "Diagnosis"
        } ]
      } ],
      "code": {
        "coding": [ {
          "system": "http://snomed.info/sct",
          "version": "2022-03",
          "code": "162863004",
          "display": "Body mass index 25-29 - overweight (finding)",
          "userSelected": true
        } ]
      },
      "subject": {
        "reference": "Patient/1ba2fc33-1a1b-416b-bb3c-79ba5d0d3359"
      },
      "onsetDateTime": "2024-01-01T08:00:00.000+00:00",
      "abatementDateTime": "2025-12-31T11:59:00.000+00:00"
    },
    "request": {
      "method": "POST",
      "url": "Condition/overweight-or-obese-a901"
    }
  }, {
    "fullUrl": "https://madie.cms.gov/ServiceRequest/follow-up-for-above-normal-bmi-a902",
    "resource": {
      "resourceType": "ServiceRequest",
      "id": "follow-up-for-above-normal-bmi-a902",
      "meta": {
        "profile": [ "http://hl7.org/fhir/us/qicore/StructureDefinition/qicore-servicerequest" ]
      },
      "status": "active",
      "intent": "order",
      "code": {
        "coding": [ {
          "system": "http://snomed.info/sct",
          "version": "2022-03",
          "code": "182922004",
          "display": "Dietary regime (regime/therapy)",
          "userSelected": true
        } ]
      },
      "subject": {
        "reference": "Patient/1ba2fc33-1a1b-416b-bb3c-79ba5d0d3359"
      },
      "authoredOn": "2025-01-01T00:30:00.000+00:00"
    },
    "request": {
      "method": "POST",
      "url": "ServiceRequest/follow-up-for-above-normal-bmi-a902"
    }
  }, {
    "fullUrl": "https://madie.cms.gov/Coverage/1",
    "resource": {
      "resourceType": "Coverage",
      "id": "1",
      "meta": {
        "profile": [ "http://hl7.org/fhir/us/qicore/StructureDefinition/qicore-coverage" ]
      },
      "status": "active",
      "beneficiary": {
        "reference": "Patient/1ba2fc33-1a1b-416b-bb3c-79ba5d0d3359"
      },
      "payor": [ {
        "reference": "Organization/123456"
      } ]
    },
    "request": {
      "method": "POST",
      "url": "Coverage/1"
    }
  }, {
    "fullUrl": "https://madie.cms.gov/Organization/123456",
    "resource": {
      "resourceType": "Organization",
      "id": "123456",
      "meta": {
        "profile": [ "http://hl7.org/fhir/us/qicore/StructureDefinition/qicore-organization" ]
      },
      "identifier": [ {
        "use": "temp",
        "system": "urn:oid:2.16.840.1.113883.4.4",
        "value": "21-3259825"
      } ],
      "active": true,
      "type": [ {
        "coding": [ {
          "system": "http://terminology.hl7.org/CodeSystem/organization-type",
          "code": "pay",
          "display": "Payer"
        } ]
      } ],
      "name": "Blue Cross Blue Shield of Texas",
      "telecom": [ {
        "system": "phone",
        "value": "(+1) 972-766-6900"
      } ],
      "address": [ {
        "use": "billing",
        "type": "postal",
        "line": [ "P.O. Box 660044" ],
        "city": "Dallas",
        "state": "TX",
        "postalCode": "75266-0044",
        "country": "USA"
      } ]
    },
    "request": {
      "method": "POST",
      "url": "Organization/123456"
    }
  }, {
    "fullUrl": "https://madie.cms.gov/MeasureReport/a0e09b04-f297-4100-b0a5-2e0ef2062ee7",
    "resource": {
      "resourceType": "MeasureReport",
      "id": "a0e09b04-f297-4100-b0a5-2e0ef2062ee7",
      "meta": {
        "profile": [ "http://hl7.org/fhir/us/cqfmeasures/StructureDefinition/test-case-cqfm" ]
      },
      "contained": [ {
        "resourceType": "Parameters",
        "id": "b2fc0958-1a06-49de-a123-8f3e62ee44be-parameters",
        "parameter": [ {
          "name": "subject",
          "valueString": "1ba2fc33-1a1b-416b-bb3c-79ba5d0d3359"
        } ]
      } ],
      "extension": [ {
        "url": "http://hl7.org/fhir/us/cqfmeasures/StructureDefinition/cqfm-inputParameters",
        "valueReference": {
          "reference": "#b2fc0958-1a06-49de-a123-8f3e62ee44be-parameters"
        }
      }, {
        "url": "http://hl7.org/fhir/us/cqfmeasures/StructureDefinition/cqfm-testCaseDescription",
        "valueMarkdown": "High BMI with intervention ordered - f/u for above nl BMI, condition overweight. Fails because condition dateTime ends before intervention order "
      } ],
      "modifierExtension": [ {
        "url": "http://hl7.org/fhir/us/cqfmeasures/StructureDefinition/cqfm-isTestCase",
        "valueBoolean": true
      } ],
      "status": "complete",
      "type": "individual",
      "measure": "https://madie.cms.gov/Measure/PCSBMIScreenAndFollowUpFHIR",
      "period": {
        "start": "2025-01-01",
        "end": "2025-12-31"
      },
      "group": [ {
        "population": [ {
          "code": {
            "coding": [ {
              "system": "http://terminology.hl7.org/CodeSystem/measure-population",
              "code": "initial-population",
              "display": "Initial Population"
            } ]
          },
          "count": 1
        }, {
          "code": {
            "coding": [ {
              "system": "http://terminology.hl7.org/CodeSystem/measure-population",
              "code": "denominator",
              "display": "Denominator"
            } ]
          },
          "count": 1
        }, {
          "code": {
            "coding": [ {
              "system": "http://terminology.hl7.org/CodeSystem/measure-population",
              "code": "denominator-exclusion",
              "display": "Denominator Exclusion"
            } ]
          },
          "count": 0
        }, {
          "code": {
            "coding": [ {
              "system": "http://terminology.hl7.org/CodeSystem/measure-population",
              "code": "denominator-exception",
              "display": "Denominator Exception"
            } ]
          },
          "count": 0
        }, {
          "code": {
            "coding": [ {
              "system": "http://terminology.hl7.org/CodeSystem/measure-population",
              "code": "numerator",
              "display": "Numerator"
            } ]
          },
          "count": 0
        } ]
      } ],
      "evaluatedResource": [ {
        "reference": "https://madie.cms.gov/Patient/1ba2fc33-1a1b-416b-bb3c-79ba5d0d3359"
      }, {
        "reference": "https://madie.cms.gov/Encounter/encounter-to-evaluate-bmi-533b"
      }, {
        "reference": "https://madie.cms.gov/Observation/body-mass-index-bmi-ratio-534c"
      }, {
        "reference": "https://madie.cms.gov/Condition/overweight-or-obese-a901"
      }, {
        "reference": "https://madie.cms.gov/ServiceRequest/follow-up-for-above-normal-bmi-a902"
      }, {
        "reference": "https://madie.cms.gov/Coverage/1"
      }, {
        "reference": "https://madie.cms.gov/Organization/123456"
      } ]
    },
    "request": {
      "method": "POST",
      "url": "MeasureReport/a0e09b04-f297-4100-b0a5-2e0ef2062ee7"
    }
  } ]
}