{
  "resourceType": "Bundle",
  "id": "62fc1dcfc4f1a6ed8db31c2b",
  "type": "transaction",
  "entry": [ {
    "fullUrl": "https://madie.cms.gov/Patient/8835a50b-0a0f-4e2f-94fa-7c180cd7f905",
    "resource": {
      "resourceType": "Patient",
      "id": "8835a50b-0a0f-4e2f-94fa-7c180cd7f905",
      "meta": {
        "profile": [ "http://hl7.org/fhir/us/qicore/StructureDefinition/qicore-patient" ]
      },
      "extension": [ {
        "url": "http://hl7.org/fhir/us/core/StructureDefinition/us-core-race",
        "extension": [ {
          "url": "ombCategory",
          "valueCoding": {
            "system": "urn:oid:2.16.840.1.113883.6.238",
            "code": "2106-3",
            "display": "White",
            "userSelected": true
          }
        }, {
          "url": "text",
          "valueString": "White"
        } ]
      }, {
        "url": "http://hl7.org/fhir/us/core/StructureDefinition/us-core-ethnicity",
        "extension": [ {
          "url": "ombCategory",
          "valueCoding": {
            "system": "urn:oid:2.16.840.1.113883.6.238",
            "code": "2186-5",
            "display": "Not Hispanic or Latino",
            "userSelected": true
          }
        }, {
          "url": "text",
          "valueString": "Not Hispanic or Latino"
        } ]
      } ],
      "identifier": [ {
        "type": {
          "coding": [ {
            "system": "http://terminology.hl7.org/CodeSystem/v2-0203",
            "code": "MR"
          } ]
        },
        "system": "https://bonnie-fhir.healthit.gov/",
        "value": "62fc1dcfc4f1a6ed8db31c2b"
      } ],
      "name": [ {
        "family": "NUMERPass",
        "given": [ "LowBMIAndInterventionOrderedCondition2" ]
      } ],
      "gender": "unknown",
      "birthDate": "1956-11-07"
    },
    "request": {
      "method": "POST",
      "url": "Patient/8835a50b-0a0f-4e2f-94fa-7c180cd7f905"
    }
  }, {
    "fullUrl": "https://madie.cms.gov/Encounter/encounter-to-evaluate-bmi-533b",
    "resource": {
      "resourceType": "Encounter",
      "id": "encounter-to-evaluate-bmi-533b",
      "meta": {
        "profile": [ "http://hl7.org/fhir/us/qicore/StructureDefinition/qicore-encounter" ]
      },
      "status": "finished",
      "class": {
        "system": "http://terminology.hl7.org/CodeSystem/v3-ActCode",
        "code": "AMB",
        "display": "ambulatory"
      },
      "type": [ {
        "coding": [ {
          "system": "http://snomed.info/sct",
          "version": "2022-03",
          "code": "10197000",
          "display": "Psychiatric interview and evaluation (procedure)",
          "userSelected": true
        } ]
      } ],
      "subject": {
        "reference": "Patient/8835a50b-0a0f-4e2f-94fa-7c180cd7f905"
      },
      "period": {
        "start": "2025-06-15T08:00:00.000+00:00",
        "end": "2025-06-15T08:15:00.000+00:00"
      }
    },
    "request": {
      "method": "POST",
      "url": "Encounter/encounter-to-evaluate-bmi-533b"
    }
  }, {
    "fullUrl": "https://madie.cms.gov/Observation/body-mass-index-bmi-ratio-534c",
    "resource": {
      "resourceType": "Observation",
      "id": "body-mass-index-bmi-ratio-534c",
      "meta": {
        "profile": [ "http://hl7.org/fhir/StructureDefinition/bmi" ]
      },
      "status": "final",
      "category": [ {
        "coding": [ {
          "system": "http://terminology.hl7.org/CodeSystem/observation-category",
          "code": "vital-signs",
          "display": "Vital Signs"
        } ]
      } ],
      "code": {
        "coding": [ {
          "system": "http://loinc.org",
          "code": "39156-5",
          "display": "Body mass index (BMI) [Ratio]",
          "userSelected": true
        } ]
      },
      "subject": {
        "reference": "Patient/8835a50b-0a0f-4e2f-94fa-7c180cd7f905"
      },
      "effectiveDateTime": "2025-06-15T08:05:00.000+00:00",
      "valueQuantity": {
        "value": 17,
        "unit": "kg/m2",
        "system": "http://unitsofmeasure.org",
        "code": "kg/m2"
      }
    },
    "request": {
      "method": "POST",
      "url": "Observation/body-mass-index-bmi-ratio-534c"
    }
  }, {
    "fullUrl": "https://madie.cms.gov/Condition/underweight-75a4",
    "resource": {
      "resourceType": "Condition",
      "id": "underweight-75a4",
      "meta": {
        "profile": [ "http://hl7.org/fhir/us/qicore/StructureDefinition/qicore-condition" ]
      },
      "clinicalStatus": {
        "coding": [ {
          "system": "http://terminology.hl7.org/CodeSystem/condition-clinical",
          "code": "recurrence",
          "display": "recurrence",
          "userSelected": true
        } ]
      },
      "category": [ {
        "coding": [ {
          "system": "http://hl7.org/fhir/us/core/CodeSystem/condition-category",
          "code": "health-concern",
          "display": "Health Concern"
        }, {
          "system": "http://snomed.info/sct",
          "code": "439401001",
          "display": "Diagnosis"
        } ]
      } ],
      "code": {
        "coding": [ {
          "system": "http://snomed.info/sct",
          "version": "2022-03",
          "code": "248342006",
          "display": "Underweight (finding)",
          "userSelected": true
        } ]
      },
      "subject": {
        "reference": "Patient/8835a50b-0a0f-4e2f-94fa-7c180cd7f905"
      },
      "onsetDateTime": "2020-11-30T08:00:00.000+00:00"
    },
    "request": {
      "method": "POST",
      "url": "Condition/underweight-75a4"
    }
  }, {
    "fullUrl": "https://madie.cms.gov/ServiceRequest/referrals-where-weight-assessment-may-occur-1c2d",
    "resource": {
      "resourceType": "ServiceRequest",
      "id": "referrals-where-weight-assessment-may-occur-1c2d",
      "meta": {
        "profile": [ "http://hl7.org/fhir/us/qicore/StructureDefinition/qicore-servicerequest" ]
      },
      "status": "completed",
      "intent": "order",
      "code": {
        "coding": [ {
          "system": "http://snomed.info/sct",
          "version": "2022-03",
          "code": "183515008",
          "display": "Referral to physician (procedure)",
          "userSelected": true
        } ]
      },
      "subject": {
        "reference": "Patient/8835a50b-0a0f-4e2f-94fa-7c180cd7f905"
      },
      "authoredOn": "2025-08-16T08:00:00.000+00:00"
    },
    "request": {
      "method": "POST",
      "url": "ServiceRequest/referrals-where-weight-assessment-may-occur-1c2d"
    }
  }, {
    "fullUrl": "https://madie.cms.gov/Coverage/1",
    "resource": {
      "resourceType": "Coverage",
      "id": "1",
      "meta": {
        "profile": [ "http://hl7.org/fhir/us/qicore/StructureDefinition/qicore-coverage" ]
      },
      "status": "active",
      "beneficiary": {
        "reference": "Patient/8835a50b-0a0f-4e2f-94fa-7c180cd7f905"
      },
      "payor": [ {
        "reference": "Organization/123456"
      } ]
    },
    "request": {
      "method": "POST",
      "url": "Coverage/1"
    }
  }, {
    "fullUrl": "https://madie.cms.gov/Organization/123456",
    "resource": {
      "resourceType": "Organization",
      "id": "123456",
      "meta": {
        "profile": [ "http://hl7.org/fhir/us/qicore/StructureDefinition/qicore-organization" ]
      },
      "identifier": [ {
        "use": "temp",
        "system": "urn:oid:2.16.840.1.113883.4.4",
        "value": "21-3259825"
      } ],
      "active": true,
      "type": [ {
        "coding": [ {
          "system": "http://terminology.hl7.org/CodeSystem/organization-type",
          "code": "pay",
          "display": "Payer"
        } ]
      } ],
      "name": "Blue Cross Blue Shield of Texas",
      "telecom": [ {
        "system": "phone",
        "value": "(+1) 972-766-6900"
      } ],
      "address": [ {
        "use": "billing",
        "type": "postal",
        "line": [ "P.O. Box 660044" ],
        "city": "Dallas",
        "state": "TX",
        "postalCode": "75266-0044",
        "country": "USA"
      } ]
    },
    "request": {
      "method": "POST",
      "url": "Organization/123456"
    }
  }, {
    "fullUrl": "https://madie.cms.gov/MeasureReport/50668d2c-776b-4803-8ea5-d79c9295c087",
    "resource": {
      "resourceType": "MeasureReport",
      "id": "50668d2c-776b-4803-8ea5-d79c9295c087",
      "meta": {
        "profile": [ "http://hl7.org/fhir/us/cqfmeasures/StructureDefinition/test-case-cqfm" ]
      },
      "contained": [ {
        "resourceType": "Parameters",
        "id": "46e4abcb-7b94-4d11-8a0b-f04cc3e1032b-parameters",
        "parameter": [ {
          "name": "subject",
          "valueString": "8835a50b-0a0f-4e2f-94fa-7c180cd7f905"
        } ]
      } ],
      "extension": [ {
        "url": "http://hl7.org/fhir/us/cqfmeasures/StructureDefinition/cqfm-inputParameters",
        "valueReference": {
          "reference": "#46e4abcb-7b94-4d11-8a0b-f04cc3e1032b-parameters"
        }
      }, {
        "url": "http://hl7.org/fhir/us/cqfmeasures/StructureDefinition/cqfm-testCaseDescription",
        "valueMarkdown": "Adult, ambulatory enc., Low BMI at 17 kg/m2, condition \"underweight\" documented - recurrence with referral ordered "
      } ],
      "modifierExtension": [ {
        "url": "http://hl7.org/fhir/us/cqfmeasures/StructureDefinition/cqfm-isTestCase",
        "valueBoolean": true
      } ],
      "status": "complete",
      "type": "individual",
      "measure": "https://madie.cms.gov/Measure/PCSBMIScreenAndFollowUpFHIR",
      "period": {
        "start": "2025-01-01",
        "end": "2025-12-31"
      },
      "group": [ {
        "population": [ {
          "code": {
            "coding": [ {
              "system": "http://terminology.hl7.org/CodeSystem/measure-population",
              "code": "initial-population",
              "display": "Initial Population"
            } ]
          },
          "count": 1
        }, {
          "code": {
            "coding": [ {
              "system": "http://terminology.hl7.org/CodeSystem/measure-population",
              "code": "denominator",
              "display": "Denominator"
            } ]
          },
          "count": 1
        }, {
          "code": {
            "coding": [ {
              "system": "http://terminology.hl7.org/CodeSystem/measure-population",
              "code": "denominator-exclusion",
              "display": "Denominator Exclusion"
            } ]
          },
          "count": 0
        }, {
          "code": {
            "coding": [ {
              "system": "http://terminology.hl7.org/CodeSystem/measure-population",
              "code": "denominator-exception",
              "display": "Denominator Exception"
            } ]
          },
          "count": 0
        }, {
          "code": {
            "coding": [ {
              "system": "http://terminology.hl7.org/CodeSystem/measure-population",
              "code": "numerator",
              "display": "Numerator"
            } ]
          },
          "count": 1
        } ]
      } ],
      "evaluatedResource": [ {
        "reference": "https://madie.cms.gov/Patient/8835a50b-0a0f-4e2f-94fa-7c180cd7f905"
      }, {
        "reference": "https://madie.cms.gov/Encounter/encounter-to-evaluate-bmi-533b"
      }, {
        "reference": "https://madie.cms.gov/Observation/body-mass-index-bmi-ratio-534c"
      }, {
        "reference": "https://madie.cms.gov/Condition/underweight-75a4"
      }, {
        "reference": "https://madie.cms.gov/ServiceRequest/referrals-where-weight-assessment-may-occur-1c2d"
      }, {
        "reference": "https://madie.cms.gov/Coverage/1"
      }, {
        "reference": "https://madie.cms.gov/Organization/123456"
      } ]
    },
    "request": {
      "method": "POST",
      "url": "MeasureReport/50668d2c-776b-4803-8ea5-d79c9295c087"
    }
  } ]
}