{
  "resourceType": "Bundle",
  "id": "62fbe4dbbf5132f90ee35d37",
  "type": "transaction",
  "entry": [ {
    "fullUrl": "https://madie.cms.gov/Patient/c84bf29f-80ac-4bf0-beeb-404ba96a3fa8",
    "resource": {
      "resourceType": "Patient",
      "id": "c84bf29f-80ac-4bf0-beeb-404ba96a3fa8",
      "meta": {
        "profile": [ "http://hl7.org/fhir/us/qicore/StructureDefinition/qicore-patient" ]
      },
      "extension": [ {
        "url": "http://hl7.org/fhir/us/core/StructureDefinition/us-core-race",
        "extension": [ {
          "url": "ombCategory",
          "valueCoding": {
            "system": "urn:oid:2.16.840.1.113883.6.238",
            "code": "2054-5",
            "display": "Black or African American",
            "userSelected": true
          }
        }, {
          "url": "text",
          "valueString": "Black or African American"
        } ]
      }, {
        "url": "http://hl7.org/fhir/us/core/StructureDefinition/us-core-ethnicity",
        "extension": [ {
          "url": "ombCategory",
          "valueCoding": {
            "system": "urn:oid:2.16.840.1.113883.6.238",
            "code": "2186-5",
            "display": "Not Hispanic or Latino",
            "userSelected": true
          }
        }, {
          "url": "text",
          "valueString": "Not Hispanic or Latino"
        } ]
      } ],
      "identifier": [ {
        "type": {
          "coding": [ {
            "system": "http://terminology.hl7.org/CodeSystem/v2-0203",
            "code": "MR"
          } ]
        },
        "system": "https://bonnie-fhir.healthit.gov/",
        "value": "62fbe4dbbf5132f90ee35d37"
      } ],
      "name": [ {
        "family": "DENEXFail",
        "given": [ "DischargeToHospiceFacilityAfterMP" ]
      } ],
      "gender": "male",
      "birthDate": "1945-10-15"
    },
    "request": {
      "method": "POST",
      "url": "Patient/c84bf29f-80ac-4bf0-beeb-404ba96a3fa8"
    }
  }, {
    "fullUrl": "https://madie.cms.gov/Encounter/encounter-to-evaluate-bmi-533f",
    "resource": {
      "resourceType": "Encounter",
      "id": "encounter-to-evaluate-bmi-533f",
      "meta": {
        "profile": [ "http://hl7.org/fhir/us/qicore/StructureDefinition/qicore-encounter" ]
      },
      "status": "finished",
      "class": {
        "system": "http://terminology.hl7.org/CodeSystem/v3-ActCode",
        "code": "AMB",
        "display": "ambulatory"
      },
      "type": [ {
        "coding": [ {
          "system": "http://snomed.info/sct",
          "version": "2022-03",
          "code": "10197000",
          "display": "Psychiatric interview and evaluation (procedure)",
          "userSelected": true
        } ]
      } ],
      "subject": {
        "reference": "Patient/c84bf29f-80ac-4bf0-beeb-404ba96a3fa8"
      },
      "period": {
        "start": "2025-01-01T08:00:00.000+00:00",
        "end": "2025-01-01T08:15:00.000+00:00"
      }
    },
    "request": {
      "method": "POST",
      "url": "Encounter/encounter-to-evaluate-bmi-533f"
    }
  }, {
    "fullUrl": "https://madie.cms.gov/Observation/body-mass-index-bmi-ratio-5d32",
    "resource": {
      "resourceType": "Observation",
      "id": "body-mass-index-bmi-ratio-5d32",
      "meta": {
        "profile": [ "http://hl7.org/fhir/StructureDefinition/bmi" ]
      },
      "status": "final",
      "category": [ {
        "coding": [ {
          "system": "http://terminology.hl7.org/CodeSystem/observation-category",
          "code": "vital-signs",
          "display": "Vital Signs"
        } ]
      } ],
      "code": {
        "coding": [ {
          "system": "http://loinc.org",
          "code": "39156-5",
          "display": "Body mass index (BMI) [Ratio]",
          "userSelected": true
        } ]
      },
      "subject": {
        "reference": "Patient/c84bf29f-80ac-4bf0-beeb-404ba96a3fa8"
      },
      "effectiveDateTime": "2025-01-01T08:15:00.000+00:00",
      "valueQuantity": {
        "value": 25,
        "unit": "kg/m2",
        "system": "http://unitsofmeasure.org",
        "code": "kg/m2"
      }
    },
    "request": {
      "method": "POST",
      "url": "Observation/body-mass-index-bmi-ratio-5d32"
    }
  }, {
    "fullUrl": "https://madie.cms.gov/Procedure/follow-up-for-above-normal-bmi-5d34",
    "resource": {
      "resourceType": "Procedure",
      "id": "follow-up-for-above-normal-bmi-5d34",
      "meta": {
        "profile": [ "http://hl7.org/fhir/us/qicore/StructureDefinition/qicore-procedure" ]
      },
      "extension": [ {
        "url": "http://hl7.org/fhir/us/qicore/StructureDefinition/qicore-recorded",
        "valueDateTime": "2025-01-01T00:00:00.000+00:00"
      } ],
      "status": "completed",
      "code": {
        "coding": [ {
          "system": "http://snomed.info/sct",
          "version": "2022-03",
          "code": "182922004",
          "display": "Dietary regime (regime/therapy)",
          "userSelected": true
        } ]
      },
      "subject": {
        "reference": "Patient/c84bf29f-80ac-4bf0-beeb-404ba96a3fa8"
      },
      "performedDateTime": "2025-01-01T00:00:00.000+00:00",
      "reasonCode": [ {
        "coding": [ {
          "system": "http://hl7.org/fhir/sid/icd-10-cm",
          "code": "E66.01",
          "display": "Morbid (severe) obesity due to excess calories",
          "userSelected": true
        } ]
      } ]
    },
    "request": {
      "method": "POST",
      "url": "Procedure/follow-up-for-above-normal-bmi-5d34"
    }
  }, {
    "fullUrl": "https://madie.cms.gov/Encounter/encounter-inpatient-5d35",
    "resource": {
      "resourceType": "Encounter",
      "id": "encounter-inpatient-5d35",
      "meta": {
        "profile": [ "http://hl7.org/fhir/us/qicore/StructureDefinition/qicore-encounter" ]
      },
      "status": "finished",
      "class": {
        "system": "http://terminology.hl7.org/CodeSystem/v3-ActCode",
        "code": "AMB",
        "display": "ambulatory"
      },
      "type": [ {
        "coding": [ {
          "system": "http://snomed.info/sct",
          "version": "2022-03",
          "code": "183452005",
          "display": "Emergency hospital admission (procedure)",
          "userSelected": true
        } ]
      } ],
      "subject": {
        "reference": "Patient/c84bf29f-80ac-4bf0-beeb-404ba96a3fa8"
      },
      "period": {
        "start": "2025-12-31T00:00:00.000+00:00",
        "end": "2026-01-02T00:15:00.000+00:00"
      },
      "hospitalization": {
        "dischargeDisposition": {
          "coding": [ {
            "system": "http://snomed.info/sct",
            "code": "428361000124107",
            "display": "Discharge to home for hospice care (procedure)",
            "userSelected": true
          } ]
        }
      }
    },
    "request": {
      "method": "POST",
      "url": "Encounter/encounter-inpatient-5d35"
    }
  }, {
    "fullUrl": "https://madie.cms.gov/Coverage/1",
    "resource": {
      "resourceType": "Coverage",
      "id": "1",
      "meta": {
        "profile": [ "http://hl7.org/fhir/us/qicore/StructureDefinition/qicore-coverage" ]
      },
      "status": "active",
      "beneficiary": {
        "reference": "Patient/c84bf29f-80ac-4bf0-beeb-404ba96a3fa8"
      },
      "payor": [ {
        "reference": "Organization/123456"
      } ]
    },
    "request": {
      "method": "POST",
      "url": "Coverage/1"
    }
  }, {
    "fullUrl": "https://madie.cms.gov/Organization/123456",
    "resource": {
      "resourceType": "Organization",
      "id": "123456",
      "meta": {
        "profile": [ "http://hl7.org/fhir/us/qicore/StructureDefinition/qicore-organization" ]
      },
      "identifier": [ {
        "use": "temp",
        "system": "urn:oid:2.16.840.1.113883.4.4",
        "value": "21-3259825"
      } ],
      "active": true,
      "type": [ {
        "coding": [ {
          "system": "http://terminology.hl7.org/CodeSystem/organization-type",
          "code": "pay",
          "display": "Payer"
        } ]
      } ],
      "name": "Blue Cross Blue Shield of Texas",
      "telecom": [ {
        "system": "phone",
        "value": "(+1) 972-766-6900"
      } ],
      "address": [ {
        "use": "billing",
        "type": "postal",
        "line": [ "P.O. Box 660044" ],
        "city": "Dallas",
        "state": "TX",
        "postalCode": "75266-0044",
        "country": "USA"
      } ]
    },
    "request": {
      "method": "POST",
      "url": "Organization/123456"
    }
  }, {
    "fullUrl": "https://madie.cms.gov/Practitioner/practitioner-123456",
    "resource": {
      "resourceType": "Practitioner",
      "id": "practitioner-123456",
      "meta": {
        "profile": [ "http://hl7.org/fhir/us/qicore/StructureDefinition/qicore-practitioner" ]
      },
      "identifier": [ {
        "system": "http://hl7.org/fhir/sid/us-npi",
        "value": "123456"
      } ],
      "name": [ {
        "family": "Evil",
        "prefix": [ "Dr" ]
      } ]
    },
    "request": {
      "method": "POST",
      "url": "Practitioner/practitioner-123456"
    }
  }, {
    "fullUrl": "https://madie.cms.gov/MeasureReport/e237c44f-d436-49b7-ac12-3c1f48bd9824",
    "resource": {
      "resourceType": "MeasureReport",
      "id": "e237c44f-d436-49b7-ac12-3c1f48bd9824",
      "meta": {
        "profile": [ "http://hl7.org/fhir/us/cqfmeasures/StructureDefinition/test-case-cqfm" ]
      },
      "contained": [ {
        "resourceType": "Parameters",
        "id": "a5718d40-3852-489f-bcb6-d4817ac5fd8d-parameters",
        "parameter": [ {
          "name": "subject",
          "valueString": "c84bf29f-80ac-4bf0-beeb-404ba96a3fa8"
        } ]
      } ],
      "extension": [ {
        "url": "http://hl7.org/fhir/us/cqfmeasures/StructureDefinition/cqfm-inputParameters",
        "valueReference": {
          "reference": "#a5718d40-3852-489f-bcb6-d4817ac5fd8d-parameters"
        }
      }, {
        "url": "http://hl7.org/fhir/us/cqfmeasures/StructureDefinition/cqfm-testCaseDescription",
        "valueMarkdown": "Amb enc 1st day of MP, BMI high 25, Inpt enc starts last day of MP and ends 1st day of new yr., DC to home for hospice that started during MP but ends after MP. Passes NUMER as all criteria is met except the exclusion "
      } ],
      "modifierExtension": [ {
        "url": "http://hl7.org/fhir/us/cqfmeasures/StructureDefinition/cqfm-isTestCase",
        "valueBoolean": true
      } ],
      "status": "complete",
      "type": "individual",
      "measure": "https://madie.cms.gov/Measure/PCSBMIScreenAndFollowUpFHIR",
      "period": {
        "start": "2025-01-01",
        "end": "2025-12-31"
      },
      "group": [ {
        "population": [ {
          "code": {
            "coding": [ {
              "system": "http://terminology.hl7.org/CodeSystem/measure-population",
              "code": "initial-population",
              "display": "Initial Population"
            } ]
          },
          "count": 1
        }, {
          "code": {
            "coding": [ {
              "system": "http://terminology.hl7.org/CodeSystem/measure-population",
              "code": "denominator",
              "display": "Denominator"
            } ]
          },
          "count": 1
        }, {
          "code": {
            "coding": [ {
              "system": "http://terminology.hl7.org/CodeSystem/measure-population",
              "code": "denominator-exclusion",
              "display": "Denominator Exclusion"
            } ]
          },
          "count": 0
        }, {
          "code": {
            "coding": [ {
              "system": "http://terminology.hl7.org/CodeSystem/measure-population",
              "code": "denominator-exception",
              "display": "Denominator Exception"
            } ]
          },
          "count": 0
        }, {
          "code": {
            "coding": [ {
              "system": "http://terminology.hl7.org/CodeSystem/measure-population",
              "code": "numerator",
              "display": "Numerator"
            } ]
          },
          "count": 1
        } ]
      } ],
      "evaluatedResource": [ {
        "reference": "https://madie.cms.gov/Patient/c84bf29f-80ac-4bf0-beeb-404ba96a3fa8"
      }, {
        "reference": "https://madie.cms.gov/Encounter/encounter-to-evaluate-bmi-533f"
      }, {
        "reference": "https://madie.cms.gov/Observation/body-mass-index-bmi-ratio-5d32"
      }, {
        "reference": "https://madie.cms.gov/Procedure/follow-up-for-above-normal-bmi-5d34"
      }, {
        "reference": "https://madie.cms.gov/Encounter/encounter-inpatient-5d35"
      }, {
        "reference": "https://madie.cms.gov/Coverage/1"
      }, {
        "reference": "https://madie.cms.gov/Organization/123456"
      }, {
        "reference": "https://madie.cms.gov/Practitioner/practitioner-123456"
      } ]
    },
    "request": {
      "method": "POST",
      "url": "MeasureReport/e237c44f-d436-49b7-ac12-3c1f48bd9824"
    }
  } ]
}