{
  "resourceType": "Bundle",
  "id": "62aa5f74c4be4c506d4a5349",
  "type": "transaction",
  "entry": [ {
    "fullUrl": "https://madie.cms.gov/Patient/6092a810-f9e0-4975-9582-37bbb06e8e56",
    "resource": {
      "resourceType": "Patient",
      "id": "6092a810-f9e0-4975-9582-37bbb06e8e56",
      "meta": {
        "profile": [ "http://hl7.org/fhir/us/qicore/StructureDefinition/qicore-patient" ]
      },
      "extension": [ {
        "url": "http://hl7.org/fhir/us/core/StructureDefinition/us-core-race",
        "extension": [ {
          "url": "ombCategory",
          "valueCoding": {
            "system": "urn:oid:2.16.840.1.113883.6.238",
            "code": "2028-9",
            "display": "Asian",
            "userSelected": true
          }
        }, {
          "url": "text",
          "valueString": "Asian"
        } ]
      }, {
        "url": "http://hl7.org/fhir/us/core/StructureDefinition/us-core-ethnicity",
        "extension": [ {
          "url": "ombCategory",
          "valueCoding": {
            "system": "urn:oid:2.16.840.1.113883.6.238",
            "code": "2186-5",
            "display": "Not Hispanic or Latino",
            "userSelected": true
          }
        }, {
          "url": "text",
          "valueString": "Not Hispanic or Latino"
        } ]
      } ],
      "identifier": [ {
        "type": {
          "coding": [ {
            "system": "http://terminology.hl7.org/CodeSystem/v2-0203",
            "code": "MR"
          } ]
        },
        "system": "https://bonnie-fhir.healthit.gov/",
        "value": "62aa5f74c4be4c506d4a5349"
      } ],
      "name": [ {
        "family": "DENEXPass",
        "given": [ "PalliativeCareEncounter" ]
      } ],
      "gender": "female",
      "birthDate": "2000-01-01"
    },
    "request": {
      "method": "POST",
      "url": "Patient/6092a810-f9e0-4975-9582-37bbb06e8e56"
    }
  }, {
    "fullUrl": "https://madie.cms.gov/Encounter/encounter-to-evaluate-bmi-533f",
    "resource": {
      "resourceType": "Encounter",
      "id": "encounter-to-evaluate-bmi-533f",
      "meta": {
        "profile": [ "http://hl7.org/fhir/us/qicore/StructureDefinition/qicore-encounter" ]
      },
      "status": "finished",
      "class": {
        "system": "http://terminology.hl7.org/CodeSystem/v3-ActCode",
        "code": "AMB",
        "display": "ambulatory"
      },
      "type": [ {
        "coding": [ {
          "system": "http://snomed.info/sct",
          "version": "2022-03",
          "code": "10197000",
          "display": "Psychiatric interview and evaluation (procedure)",
          "userSelected": true
        } ]
      } ],
      "subject": {
        "reference": "Patient/6092a810-f9e0-4975-9582-37bbb06e8e56"
      },
      "period": {
        "start": "2025-12-31T23:30:00.000+00:00",
        "end": "2025-12-31T23:59:00.000+00:00"
      }
    },
    "request": {
      "method": "POST",
      "url": "Encounter/encounter-to-evaluate-bmi-533f"
    }
  }, {
    "fullUrl": "https://madie.cms.gov/Encounter/palliative-care-encounter-534a",
    "resource": {
      "resourceType": "Encounter",
      "id": "palliative-care-encounter-534a",
      "meta": {
        "profile": [ "http://hl7.org/fhir/us/qicore/StructureDefinition/qicore-encounter" ]
      },
      "status": "finished",
      "class": {
        "system": "http://terminology.hl7.org/CodeSystem/v3-ActCode",
        "code": "AMB",
        "display": "ambulatory"
      },
      "type": [ {
        "coding": [ {
          "system": "http://snomed.info/sct",
          "version": "2022-03",
          "code": "305284002",
          "display": "Admission by palliative care physician (procedure)",
          "userSelected": true
        } ]
      } ],
      "subject": {
        "reference": "Patient/6092a810-f9e0-4975-9582-37bbb06e8e56"
      },
      "period": {
        "start": "2025-12-31T23:30:00.000+00:00",
        "end": "2025-12-31T23:59:00.000+00:00"
      }
    },
    "request": {
      "method": "POST",
      "url": "Encounter/palliative-care-encounter-534a"
    }
  }, {
    "fullUrl": "https://madie.cms.gov/Coverage/1",
    "resource": {
      "resourceType": "Coverage",
      "id": "1",
      "meta": {
        "profile": [ "http://hl7.org/fhir/us/qicore/StructureDefinition/qicore-coverage" ]
      },
      "status": "active",
      "beneficiary": {
        "reference": "Patient/6092a810-f9e0-4975-9582-37bbb06e8e56"
      },
      "payor": [ {
        "reference": "Organization/123456"
      } ]
    },
    "request": {
      "method": "POST",
      "url": "Coverage/1"
    }
  }, {
    "fullUrl": "https://madie.cms.gov/Organization/123456",
    "resource": {
      "resourceType": "Organization",
      "id": "123456",
      "meta": {
        "profile": [ "http://hl7.org/fhir/us/qicore/StructureDefinition/qicore-organization" ]
      },
      "identifier": [ {
        "use": "temp",
        "system": "urn:oid:2.16.840.1.113883.4.4",
        "value": "21-3259825"
      } ],
      "active": true,
      "type": [ {
        "coding": [ {
          "system": "http://terminology.hl7.org/CodeSystem/organization-type",
          "code": "pay",
          "display": "Payer"
        } ]
      } ],
      "name": "Blue Cross Blue Shield of Texas",
      "telecom": [ {
        "system": "phone",
        "value": "(+1) 972-766-6900"
      } ],
      "address": [ {
        "use": "billing",
        "type": "postal",
        "line": [ "P.O. Box 660044" ],
        "city": "Dallas",
        "state": "TX",
        "postalCode": "75266-0044",
        "country": "USA"
      } ]
    },
    "request": {
      "method": "POST",
      "url": "Organization/123456"
    }
  }, {
    "fullUrl": "https://madie.cms.gov/MeasureReport/ba50a795-884b-4f87-b2db-1bfedba68882",
    "resource": {
      "resourceType": "MeasureReport",
      "id": "ba50a795-884b-4f87-b2db-1bfedba68882",
      "meta": {
        "profile": [ "http://hl7.org/fhir/us/cqfmeasures/StructureDefinition/test-case-cqfm" ]
      },
      "contained": [ {
        "resourceType": "Parameters",
        "id": "ffeb3231-75bd-4f56-b81c-fce03af6738a-parameters",
        "parameter": [ {
          "name": "subject",
          "valueString": "6092a810-f9e0-4975-9582-37bbb06e8e56"
        } ]
      } ],
      "extension": [ {
        "url": "http://hl7.org/fhir/us/cqfmeasures/StructureDefinition/cqfm-inputParameters",
        "valueReference": {
          "reference": "#ffeb3231-75bd-4f56-b81c-fce03af6738a-parameters"
        }
      }, {
        "url": "http://hl7.org/fhir/us/cqfmeasures/StructureDefinition/cqfm-testCaseDescription",
        "valueMarkdown": "Palliative Enc last 30 minutes of the last day of the MP, age 24, "
      } ],
      "modifierExtension": [ {
        "url": "http://hl7.org/fhir/us/cqfmeasures/StructureDefinition/cqfm-isTestCase",
        "valueBoolean": true
      } ],
      "status": "complete",
      "type": "individual",
      "measure": "https://madie.cms.gov/Measure/PCSBMIScreenAndFollowUpFHIR",
      "period": {
        "start": "2025-01-01",
        "end": "2025-12-31"
      },
      "group": [ {
        "population": [ {
          "code": {
            "coding": [ {
              "system": "http://terminology.hl7.org/CodeSystem/measure-population",
              "code": "initial-population",
              "display": "Initial Population"
            } ]
          },
          "count": 1
        }, {
          "code": {
            "coding": [ {
              "system": "http://terminology.hl7.org/CodeSystem/measure-population",
              "code": "denominator",
              "display": "Denominator"
            } ]
          },
          "count": 1
        }, {
          "code": {
            "coding": [ {
              "system": "http://terminology.hl7.org/CodeSystem/measure-population",
              "code": "denominator-exclusion",
              "display": "Denominator Exclusion"
            } ]
          },
          "count": 1
        }, {
          "code": {
            "coding": [ {
              "system": "http://terminology.hl7.org/CodeSystem/measure-population",
              "code": "denominator-exception",
              "display": "Denominator Exception"
            } ]
          },
          "count": 0
        }, {
          "code": {
            "coding": [ {
              "system": "http://terminology.hl7.org/CodeSystem/measure-population",
              "code": "numerator",
              "display": "Numerator"
            } ]
          },
          "count": 0
        } ]
      } ],
      "evaluatedResource": [ {
        "reference": "https://madie.cms.gov/Patient/6092a810-f9e0-4975-9582-37bbb06e8e56"
      }, {
        "reference": "https://madie.cms.gov/Encounter/encounter-to-evaluate-bmi-533f"
      }, {
        "reference": "https://madie.cms.gov/Encounter/palliative-care-encounter-534a"
      }, {
        "reference": "https://madie.cms.gov/Coverage/1"
      }, {
        "reference": "https://madie.cms.gov/Organization/123456"
      } ]
    },
    "request": {
      "method": "POST",
      "url": "MeasureReport/ba50a795-884b-4f87-b2db-1bfedba68882"
    }
  } ]
}