{
  "resourceType": "Bundle",
  "id": "62fbd755bf5132f90ee35d2c",
  "type": "transaction",
  "entry": [ {
    "fullUrl": "https://madie.cms.gov/Patient/b98fcec4-23a5-41bd-82d8-bad2f50ffc9c",
    "resource": {
      "resourceType": "Patient",
      "id": "b98fcec4-23a5-41bd-82d8-bad2f50ffc9c",
      "meta": {
        "profile": [ "http://hl7.org/fhir/us/qicore/StructureDefinition/qicore-patient" ]
      },
      "extension": [ {
        "url": "http://hl7.org/fhir/us/core/StructureDefinition/us-core-race",
        "extension": [ {
          "url": "ombCategory",
          "valueCoding": {
            "system": "urn:oid:2.16.840.1.113883.6.238",
            "code": "2106-3",
            "display": "White",
            "userSelected": true
          }
        }, {
          "url": "text",
          "valueString": "White"
        } ]
      }, {
        "url": "http://hl7.org/fhir/us/core/StructureDefinition/us-core-ethnicity",
        "extension": [ {
          "url": "ombCategory",
          "valueCoding": {
            "system": "urn:oid:2.16.840.1.113883.6.238",
            "code": "2186-5",
            "display": "Not Hispanic or Latino",
            "userSelected": true
          }
        }, {
          "url": "text",
          "valueString": "Not Hispanic or Latino"
        } ]
      } ],
      "identifier": [ {
        "type": {
          "coding": [ {
            "system": "http://terminology.hl7.org/CodeSystem/v2-0203",
            "code": "MR"
          } ]
        },
        "system": "https://bonnie-fhir.healthit.gov/",
        "value": "62fbd755bf5132f90ee35d2c"
      } ],
      "name": [ {
        "family": "DENEXCEPPass",
        "given": [ "NoFollowUpPlanMedicalReasonMedicationForBelowNormalBMI" ]
      } ],
      "gender": "unknown",
      "birthDate": "1956-11-07"
    },
    "request": {
      "method": "POST",
      "url": "Patient/b98fcec4-23a5-41bd-82d8-bad2f50ffc9c"
    }
  }, {
    "fullUrl": "https://madie.cms.gov/Encounter/encounter-to-evaluate-bmi-533b",
    "resource": {
      "resourceType": "Encounter",
      "id": "encounter-to-evaluate-bmi-533b",
      "meta": {
        "profile": [ "http://hl7.org/fhir/us/qicore/StructureDefinition/qicore-encounter" ]
      },
      "status": "finished",
      "class": {
        "system": "http://terminology.hl7.org/CodeSystem/v3-ActCode",
        "code": "AMB",
        "display": "ambulatory"
      },
      "type": [ {
        "coding": [ {
          "system": "http://snomed.info/sct",
          "version": "2022-03",
          "code": "78318003",
          "display": "History and physical examination, annual for health maintenance (procedure)",
          "userSelected": true
        } ]
      } ],
      "subject": {
        "reference": "Patient/b98fcec4-23a5-41bd-82d8-bad2f50ffc9c"
      },
      "period": {
        "start": "2025-01-01T00:00:00.000+00:00",
        "end": "2025-01-01T00:30:00.000+00:00"
      }
    },
    "request": {
      "method": "POST",
      "url": "Encounter/encounter-to-evaluate-bmi-533b"
    }
  }, {
    "fullUrl": "https://madie.cms.gov/Observation/body-mass-index-bmi-ratio-534c",
    "resource": {
      "resourceType": "Observation",
      "id": "body-mass-index-bmi-ratio-534c",
      "meta": {
        "profile": [ "http://hl7.org/fhir/us/qicore/StructureDefinition/qicore-observation" ]
      },
      "status": "final",
      "category": [ {
        "coding": [ {
          "system": "http://terminology.hl7.org/CodeSystem/observation-category",
          "code": "procedure",
          "display": "Procedure"
        } ]
      } ],
      "code": {
        "coding": [ {
          "system": "http://loinc.org",
          "code": "39156-5",
          "display": "Body mass index (BMI) [Ratio]",
          "userSelected": true
        } ]
      },
      "subject": {
        "reference": "Patient/b98fcec4-23a5-41bd-82d8-bad2f50ffc9c"
      },
      "effectiveDateTime": "2025-01-01T00:01:00.000+00:00",
      "valueQuantity": {
        "value": 18.4,
        "unit": "kg/m2"
      }
    },
    "request": {
      "method": "POST",
      "url": "Observation/body-mass-index-bmi-ratio-534c"
    }
  }, {
    "fullUrl": "https://madie.cms.gov/MedicationRequest/medications-for-below-normal-bmi-5d2d",
    "resource": {
      "resourceType": "MedicationRequest",
      "id": "medications-for-below-normal-bmi-5d2d",
      "meta": {
        "profile": [ "http://hl7.org/fhir/us/qicore/StructureDefinition/qicore-mednotrequested" ]
      },
      "extension": [ {
        "url": "http://hl7.org/fhir/us/qicore/StructureDefinition/qicore-notDoneReason",
        "valueCodeableConcept": {
          "coding": [ {
            "system": "http://snomed.info/sct",
            "code": "183932001",
            "display": "Procedure contraindicated (situation)",
            "userSelected": true
          } ]
        }
      } ],
      "status": "completed",
      "intent": "order",
      "doNotPerform": true,
      "medicationCodeableConcept": {
        "coding": [ {
          "system": "http://www.nlm.nih.gov/research/umls/rxnorm",
          "code": "1928948",
          "display": "dronabinol 5 MG/ML Oral Solution",
          "userSelected": true
        } ]
      },
      "subject": {
        "reference": "Patient/b98fcec4-23a5-41bd-82d8-bad2f50ffc9c"
      },
      "authoredOn": "2025-01-01T00:01:00.000+00:00",
      "requester": {
        "reference": "Practitioner/f007",
        "display": "Patrick Pump"
      },
      "reasonCode": [ {
        "coding": [ {
          "system": "http://snomed.info/sct",
          "code": "416098002",
          "display": "Allergy to drug (finding)"
        } ]
      } ]
    },
    "request": {
      "method": "POST",
      "url": "MedicationRequest/medications-for-below-normal-bmi-5d2d"
    }
  }, {
    "fullUrl": "https://madie.cms.gov/Coverage/1",
    "resource": {
      "resourceType": "Coverage",
      "id": "1",
      "meta": {
        "profile": [ "http://hl7.org/fhir/us/qicore/StructureDefinition/qicore-coverage" ]
      },
      "status": "active",
      "beneficiary": {
        "reference": "Patient/b98fcec4-23a5-41bd-82d8-bad2f50ffc9c"
      },
      "payor": [ {
        "reference": "Organization/123456"
      } ]
    },
    "request": {
      "method": "POST",
      "url": "Coverage/1"
    }
  }, {
    "fullUrl": "https://madie.cms.gov/Organization/123456",
    "resource": {
      "resourceType": "Organization",
      "id": "123456",
      "meta": {
        "profile": [ "http://hl7.org/fhir/us/qicore/StructureDefinition/qicore-organization" ]
      },
      "identifier": [ {
        "use": "temp",
        "system": "urn:oid:2.16.840.1.113883.4.4",
        "value": "21-3259825"
      } ],
      "active": true,
      "type": [ {
        "coding": [ {
          "system": "http://terminology.hl7.org/CodeSystem/organization-type",
          "code": "pay",
          "display": "Payer"
        } ]
      } ],
      "name": "Blue Cross Blue Shield of Texas",
      "telecom": [ {
        "system": "phone",
        "value": "(+1) 972-766-6900"
      } ],
      "address": [ {
        "use": "billing",
        "type": "postal",
        "line": [ "P.O. Box 660044" ],
        "city": "Dallas",
        "state": "TX",
        "postalCode": "75266-0044",
        "country": "USA"
      } ]
    },
    "request": {
      "method": "POST",
      "url": "Organization/123456"
    }
  }, {
    "fullUrl": "https://madie.cms.gov/MeasureReport/1fc33f0d-5f17-43e4-b851-5dd75aaa0bfe",
    "resource": {
      "resourceType": "MeasureReport",
      "id": "1fc33f0d-5f17-43e4-b851-5dd75aaa0bfe",
      "meta": {
        "profile": [ "http://hl7.org/fhir/us/cqfmeasures/StructureDefinition/test-case-cqfm" ]
      },
      "contained": [ {
        "resourceType": "Parameters",
        "id": "fb73efe7-2a3c-49d3-9f75-2482246ded3d-parameters",
        "parameter": [ {
          "name": "subject",
          "valueString": "b98fcec4-23a5-41bd-82d8-bad2f50ffc9c"
        } ]
      } ],
      "extension": [ {
        "url": "http://hl7.org/fhir/us/cqfmeasures/StructureDefinition/cqfm-inputParameters",
        "valueReference": {
          "reference": "#fb73efe7-2a3c-49d3-9f75-2482246ded3d-parameters"
        }
      }, {
        "url": "http://hl7.org/fhir/us/cqfmeasures/StructureDefinition/cqfm-testCaseDescription",
        "valueMarkdown": "Enc first day, first minutes of MP, BMI low @ 18.4 kg/m2  with medical reason for not providing medication.  "
      } ],
      "modifierExtension": [ {
        "url": "http://hl7.org/fhir/us/cqfmeasures/StructureDefinition/cqfm-isTestCase",
        "valueBoolean": true
      } ],
      "status": "complete",
      "type": "individual",
      "measure": "https://madie.cms.gov/Measure/PCSBMIScreenAndFollowUpFHIR",
      "period": {
        "start": "2025-01-01",
        "end": "2025-12-31"
      },
      "group": [ {
        "population": [ {
          "code": {
            "coding": [ {
              "system": "http://terminology.hl7.org/CodeSystem/measure-population",
              "code": "initial-population",
              "display": "Initial Population"
            } ]
          },
          "count": 1
        }, {
          "code": {
            "coding": [ {
              "system": "http://terminology.hl7.org/CodeSystem/measure-population",
              "code": "denominator",
              "display": "Denominator"
            } ]
          },
          "count": 1
        }, {
          "code": {
            "coding": [ {
              "system": "http://terminology.hl7.org/CodeSystem/measure-population",
              "code": "denominator-exclusion",
              "display": "Denominator Exclusion"
            } ]
          },
          "count": 0
        }, {
          "code": {
            "coding": [ {
              "system": "http://terminology.hl7.org/CodeSystem/measure-population",
              "code": "denominator-exception",
              "display": "Denominator Exception"
            } ]
          },
          "count": 1
        }, {
          "code": {
            "coding": [ {
              "system": "http://terminology.hl7.org/CodeSystem/measure-population",
              "code": "numerator",
              "display": "Numerator"
            } ]
          },
          "count": 0
        } ]
      } ],
      "evaluatedResource": [ {
        "reference": "https://madie.cms.gov/Patient/b98fcec4-23a5-41bd-82d8-bad2f50ffc9c"
      }, {
        "reference": "https://madie.cms.gov/Encounter/encounter-to-evaluate-bmi-533b"
      }, {
        "reference": "https://madie.cms.gov/Observation/body-mass-index-bmi-ratio-534c"
      }, {
        "reference": "https://madie.cms.gov/MedicationRequest/medications-for-below-normal-bmi-5d2d"
      }, {
        "reference": "https://madie.cms.gov/Coverage/1"
      }, {
        "reference": "https://madie.cms.gov/Organization/123456"
      } ]
    },
    "request": {
      "method": "POST",
      "url": "MeasureReport/1fc33f0d-5f17-43e4-b851-5dd75aaa0bfe"
    }
  } ]
}