{
  "resourceType": "Bundle",
  "id": "62aa63d1c4be4c506d4a534d",
  "type": "transaction",
  "entry": [ {
    "fullUrl": "https://madie.cms.gov/Patient/7902e3dc-f3da-4cc2-9f2e-4a6c8cd33b88",
    "resource": {
      "resourceType": "Patient",
      "id": "7902e3dc-f3da-4cc2-9f2e-4a6c8cd33b88",
      "meta": {
        "profile": [ "http://hl7.org/fhir/us/qicore/StructureDefinition/qicore-patient" ]
      },
      "extension": [ {
        "url": "http://hl7.org/fhir/us/core/StructureDefinition/us-core-race",
        "extension": [ {
          "url": "ombCategory",
          "valueCoding": {
            "system": "urn:oid:2.16.840.1.113883.6.238",
            "code": "2106-3",
            "display": "White",
            "userSelected": true
          }
        }, {
          "url": "text",
          "valueString": "White"
        } ]
      }, {
        "url": "http://hl7.org/fhir/us/core/StructureDefinition/us-core-ethnicity",
        "extension": [ {
          "url": "ombCategory",
          "valueCoding": {
            "system": "urn:oid:2.16.840.1.113883.6.238",
            "code": "2186-5",
            "display": "Not Hispanic or Latino",
            "userSelected": true
          }
        }, {
          "url": "text",
          "valueString": "Not Hispanic or Latino"
        } ]
      } ],
      "identifier": [ {
        "type": {
          "coding": [ {
            "system": "http://terminology.hl7.org/CodeSystem/v2-0203",
            "code": "MR"
          } ]
        },
        "system": "https://bonnie-fhir.healthit.gov/",
        "value": "62aa63d1c4be4c506d4a534d"
      } ],
      "name": [ {
        "family": "NUMERPass",
        "given": [ "LowBMIAndInterventionPerformed" ]
      } ],
      "gender": "unknown",
      "birthDate": "1956-11-07"
    },
    "request": {
      "method": "POST",
      "url": "Patient/7902e3dc-f3da-4cc2-9f2e-4a6c8cd33b88"
    }
  }, {
    "fullUrl": "https://madie.cms.gov/Encounter/encounter-to-evaluate-bmi-533b",
    "resource": {
      "resourceType": "Encounter",
      "id": "encounter-to-evaluate-bmi-533b",
      "meta": {
        "profile": [ "http://hl7.org/fhir/us/qicore/StructureDefinition/qicore-encounter" ]
      },
      "status": "finished",
      "class": {
        "system": "http://terminology.hl7.org/CodeSystem/v3-ActCode",
        "code": "AMB",
        "display": "ambulatory"
      },
      "type": [ {
        "coding": [ {
          "system": "http://snomed.info/sct",
          "version": "2022-03",
          "code": "10197000",
          "display": "Psychiatric interview and evaluation (procedure)",
          "userSelected": true
        } ]
      } ],
      "subject": {
        "reference": "Patient/7902e3dc-f3da-4cc2-9f2e-4a6c8cd33b88"
      },
      "period": {
        "start": "2025-06-15T08:00:00.000+00:00",
        "end": "2025-06-15T08:15:00.000+00:00"
      }
    },
    "request": {
      "method": "POST",
      "url": "Encounter/encounter-to-evaluate-bmi-533b"
    }
  }, {
    "fullUrl": "https://madie.cms.gov/Observation/body-mass-index-bmi-ratio-534c",
    "resource": {
      "resourceType": "Observation",
      "id": "body-mass-index-bmi-ratio-534c",
      "meta": {
        "profile": [ "http://hl7.org/fhir/StructureDefinition/bmi" ]
      },
      "status": "final",
      "category": [ {
        "coding": [ {
          "system": "http://terminology.hl7.org/CodeSystem/observation-category",
          "code": "vital-signs",
          "display": "Vital Signs"
        } ]
      } ],
      "code": {
        "coding": [ {
          "system": "http://loinc.org",
          "code": "39156-5",
          "display": "Body mass index (BMI) [Ratio]",
          "userSelected": true
        } ]
      },
      "subject": {
        "reference": "Patient/7902e3dc-f3da-4cc2-9f2e-4a6c8cd33b88"
      },
      "effectiveDateTime": "2025-06-15T08:05:00.000+00:00",
      "valueQuantity": {
        "value": 17.0,
        "unit": "kg/m2",
        "system": "http://unitsofmeasure.org",
        "code": "kg/m2"
      }
    },
    "request": {
      "method": "POST",
      "url": "Observation/body-mass-index-bmi-ratio-534c"
    }
  }, {
    "fullUrl": "https://madie.cms.gov/Procedure/follow-up-for-below-normal-bmi-534e",
    "resource": {
      "resourceType": "Procedure",
      "id": "follow-up-for-below-normal-bmi-534e",
      "meta": {
        "profile": [ "http://hl7.org/fhir/us/qicore/StructureDefinition/qicore-procedure" ]
      },
      "extension": [ {
        "url": "http://hl7.org/fhir/us/qicore/StructureDefinition/qicore-recorded",
        "valueDateTime": "2025-02-01T09:00:00.000+00:00"
      } ],
      "status": "completed",
      "code": {
        "coding": [ {
          "system": "http://snomed.info/sct",
          "version": "2022-03",
          "code": "182922004",
          "display": "Dietary regime (regime/therapy)",
          "userSelected": true
        } ]
      },
      "subject": {
        "reference": "Patient/7902e3dc-f3da-4cc2-9f2e-4a6c8cd33b88"
      },
      "performedDateTime": "2025-06-26T08:00:00.000+00:00",
      "reasonCode": [ {
        "coding": [ {
          "system": "http://hl7.org/fhir/sid/icd-10-cm",
          "code": "R63.6",
          "display": "Underweight",
          "userSelected": true
        } ]
      } ]
    },
    "request": {
      "method": "POST",
      "url": "Procedure/follow-up-for-below-normal-bmi-534e"
    }
  }, {
    "fullUrl": "https://madie.cms.gov/Coverage/1",
    "resource": {
      "resourceType": "Coverage",
      "id": "1",
      "meta": {
        "profile": [ "http://hl7.org/fhir/us/qicore/StructureDefinition/qicore-coverage" ]
      },
      "status": "active",
      "beneficiary": {
        "reference": "Patient/7902e3dc-f3da-4cc2-9f2e-4a6c8cd33b88"
      },
      "payor": [ {
        "reference": "Organization/123456"
      } ]
    },
    "request": {
      "method": "POST",
      "url": "Coverage/1"
    }
  }, {
    "fullUrl": "https://madie.cms.gov/Organization/123456",
    "resource": {
      "resourceType": "Organization",
      "id": "123456",
      "meta": {
        "profile": [ "http://hl7.org/fhir/us/qicore/StructureDefinition/qicore-organization" ]
      },
      "identifier": [ {
        "use": "temp",
        "system": "urn:oid:2.16.840.1.113883.4.4",
        "value": "21-3259825"
      } ],
      "active": true,
      "type": [ {
        "coding": [ {
          "system": "http://terminology.hl7.org/CodeSystem/organization-type",
          "code": "pay",
          "display": "Payer"
        } ]
      } ],
      "name": "Blue Cross Blue Shield of Texas",
      "telecom": [ {
        "system": "phone",
        "value": "(+1) 972-766-6900"
      } ],
      "address": [ {
        "use": "billing",
        "type": "postal",
        "line": [ "P.O. Box 660044" ],
        "city": "Dallas",
        "state": "TX",
        "postalCode": "75266-0044",
        "country": "USA"
      } ]
    },
    "request": {
      "method": "POST",
      "url": "Organization/123456"
    }
  }, {
    "fullUrl": "https://madie.cms.gov/MeasureReport/3f47f226-21bc-482f-8071-50208ec38450",
    "resource": {
      "resourceType": "MeasureReport",
      "id": "3f47f226-21bc-482f-8071-50208ec38450",
      "meta": {
        "profile": [ "http://hl7.org/fhir/us/cqfmeasures/StructureDefinition/test-case-cqfm" ]
      },
      "contained": [ {
        "resourceType": "Parameters",
        "id": "9c5c5648-5650-484b-90be-721c4a6ef5a1-parameters",
        "parameter": [ {
          "name": "subject",
          "valueString": "7902e3dc-f3da-4cc2-9f2e-4a6c8cd33b88"
        } ]
      } ],
      "extension": [ {
        "url": "http://hl7.org/fhir/us/cqfmeasures/StructureDefinition/cqfm-inputParameters",
        "valueReference": {
          "reference": "#9c5c5648-5650-484b-90be-721c4a6ef5a1-parameters"
        }
      }, {
        "url": "http://hl7.org/fhir/us/cqfmeasures/StructureDefinition/cqfm-testCaseDescription",
        "valueMarkdown": "Adult, ambulatory enc., BMI low at 17 kg/m2 and interventions performed with reason code first minute of enc.\n\n"
      } ],
      "modifierExtension": [ {
        "url": "http://hl7.org/fhir/us/cqfmeasures/StructureDefinition/cqfm-isTestCase",
        "valueBoolean": true
      } ],
      "status": "complete",
      "type": "individual",
      "measure": "https://madie.cms.gov/Measure/PCSBMIScreenAndFollowUpFHIR",
      "period": {
        "start": "2025-01-01",
        "end": "2025-12-31"
      },
      "group": [ {
        "population": [ {
          "code": {
            "coding": [ {
              "system": "http://terminology.hl7.org/CodeSystem/measure-population",
              "code": "initial-population",
              "display": "Initial Population"
            } ]
          },
          "count": 1
        }, {
          "code": {
            "coding": [ {
              "system": "http://terminology.hl7.org/CodeSystem/measure-population",
              "code": "denominator",
              "display": "Denominator"
            } ]
          },
          "count": 1
        }, {
          "code": {
            "coding": [ {
              "system": "http://terminology.hl7.org/CodeSystem/measure-population",
              "code": "denominator-exclusion",
              "display": "Denominator Exclusion"
            } ]
          },
          "count": 0
        }, {
          "code": {
            "coding": [ {
              "system": "http://terminology.hl7.org/CodeSystem/measure-population",
              "code": "denominator-exception",
              "display": "Denominator Exception"
            } ]
          },
          "count": 0
        }, {
          "code": {
            "coding": [ {
              "system": "http://terminology.hl7.org/CodeSystem/measure-population",
              "code": "numerator",
              "display": "Numerator"
            } ]
          },
          "count": 1
        } ]
      } ],
      "evaluatedResource": [ {
        "reference": "https://madie.cms.gov/Patient/7902e3dc-f3da-4cc2-9f2e-4a6c8cd33b88"
      }, {
        "reference": "https://madie.cms.gov/Encounter/encounter-to-evaluate-bmi-533b"
      }, {
        "reference": "https://madie.cms.gov/Observation/body-mass-index-bmi-ratio-534c"
      }, {
        "reference": "https://madie.cms.gov/Procedure/follow-up-for-below-normal-bmi-534e"
      }, {
        "reference": "https://madie.cms.gov/Coverage/1"
      }, {
        "reference": "https://madie.cms.gov/Organization/123456"
      } ]
    },
    "request": {
      "method": "POST",
      "url": "MeasureReport/3f47f226-21bc-482f-8071-50208ec38450"
    }
  } ]
}